,BJXFS,BJXCP,BJXSY,BJXTZ,Z9010
2019-07-22 07:00:00,/data/zry/BJradar_processed/20190722/ACC1H-hsr/BJXFS/BJXFS_201907220700.npz,/data/zry/BJradar_processed/20190722/ACC1H-hsr/BJXCP/BJXCP_201907220700.npz,/data/zry/BJradar_processed/20190722/ACC1H-hsr/BJXSY/BJXSY_201907220700.npz,/data/zry/BJradar_processed/20190722/ACC1H-hsr/BJXTZ/BJXTZ_201907220700.npz,/data/zry/BJradar_processed/20190722/ACC1H-hsr/Z9010/Z9010_201907220700.npz
2019-07-22 08:00:00,/data/zry/BJradar_processed/20190722/ACC1H-hsr/BJXFS/BJXFS_201907220800.npz,/data/zry/BJradar_processed/20190722/ACC1H-hsr/BJXCP/BJXCP_201907220800.npz,/data/zry/BJradar_processed/20190722/ACC1H-hsr/BJXSY/BJXSY_201907220800.npz,/data/zry/BJradar_processed/20190722/ACC1H-hsr/BJXTZ/BJXTZ_201907220800.npz,/data/zry/BJradar_processed/20190722/ACC1H-hsr/Z9010/Z9010_201907220800.npz
2019-07-22 09:00:00,/data/zry/BJradar_processed/20190722/ACC1H-hsr/BJXFS/BJXFS_201907220900.npz,/data/zry/BJradar_processed/20190722/ACC1H-hsr/BJXCP/BJXCP_201907220900.npz,/data/zry/BJradar_processed/20190722/ACC1H-hsr/BJXSY/BJXSY_201907220900.npz,/data/zry/BJradar_processed/20190722/ACC1H-hsr/BJXTZ/BJXTZ_201907220900.npz,/data/zry/BJradar_processed/20190722/ACC1H-hsr/Z9010/Z9010_201907220900.npz
2019-07-22 10:00:00,/data/zry/BJradar_processed/20190722/ACC1H-hsr/BJXFS/BJXFS_201907221000.npz,/data/zry/BJradar_processed/20190722/ACC1H-hsr/BJXCP/BJXCP_201907221000.npz,/data/zry/BJradar_processed/20190722/ACC1H-hsr/BJXSY/BJXSY_201907221000.npz,/data/zry/BJradar_processed/20190722/ACC1H-hsr/BJXTZ/BJXTZ_201907221000.npz,/data/zry/BJradar_processed/20190722/ACC1H-hsr/Z9010/Z9010_201907221000.npz
2019-07-22 11:00:00,/data/zry/BJradar_processed/20190722/ACC1H-hsr/BJXFS/BJXFS_201907221100.npz,/data/zry/BJradar_processed/20190722/ACC1H-hsr/BJXCP/BJXCP_201907221100.npz,/data/zry/BJradar_processed/20190722/ACC1H-hsr/BJXSY/BJXSY_201907221100.npz,/data/zry/BJradar_processed/20190722/ACC1H-hsr/BJXTZ/BJXTZ_201907221100.npz,/data/zry/BJradar_processed/20190722/ACC1H-hsr/Z9010/Z9010_201907221100.npz
2019-07-22 12:00:00,/data/zry/BJradar_processed/20190722/ACC1H-hsr/BJXFS/BJXFS_201907221200.npz,/data/zry/BJradar_processed/20190722/ACC1H-hsr/BJXCP/BJXCP_201907221200.npz,/data/zry/BJradar_processed/20190722/ACC1H-hsr/BJXSY/BJXSY_201907221200.npz,/data/zry/BJradar_processed/20190722/ACC1H-hsr/BJXTZ/BJXTZ_201907221200.npz,/data/zry/BJradar_processed/20190722/ACC1H-hsr/Z9010/Z9010_201907221200.npz
2019-07-22 13:00:00,/data/zry/BJradar_processed/20190722/ACC1H-hsr/BJXFS/BJXFS_201907221300.npz,/data/zry/BJradar_processed/20190722/ACC1H-hsr/BJXCP/BJXCP_201907221300.npz,/data/zry/BJradar_processed/20190722/ACC1H-hsr/BJXSY/BJXSY_201907221300.npz,/data/zry/BJradar_processed/20190722/ACC1H-hsr/BJXTZ/BJXTZ_201907221300.npz,/data/zry/BJradar_processed/20190722/ACC1H-hsr/Z9010/Z9010_201907221300.npz
2019-07-22 14:00:00,/data/zry/BJradar_processed/20190722/ACC1H-hsr/BJXFS/BJXFS_201907221400.npz,/data/zry/BJradar_processed/20190722/ACC1H-hsr/BJXCP/BJXCP_201907221400.npz,/data/zry/BJradar_processed/20190722/ACC1H-hsr/BJXSY/BJXSY_201907221400.npz,/data/zry/BJradar_processed/20190722/ACC1H-hsr/BJXTZ/BJXTZ_201907221400.npz,/data/zry/BJradar_processed/20190722/ACC1H-hsr/Z9010/Z9010_201907221400.npz
2019-07-22 15:00:00,/data/zry/BJradar_processed/20190722/ACC1H-hsr/BJXFS/BJXFS_201907221500.npz,/data/zry/BJradar_processed/20190722/ACC1H-hsr/BJXCP/BJXCP_201907221500.npz,/data/zry/BJradar_processed/20190722/ACC1H-hsr/BJXSY/BJXSY_201907221500.npz,/data/zry/BJradar_processed/20190722/ACC1H-hsr/BJXTZ/BJXTZ_201907221500.npz,/data/zry/BJradar_processed/20190722/ACC1H-hsr/Z9010/Z9010_201907221500.npz
2019-07-22 16:00:00,/data/zry/BJradar_processed/20190722/ACC1H-hsr/BJXFS/BJXFS_201907221600.npz,/data/zry/BJradar_processed/20190722/ACC1H-hsr/BJXCP/BJXCP_201907221600.npz,/data/zry/BJradar_processed/20190722/ACC1H-hsr/BJXSY/BJXSY_201907221600.npz,/data/zry/BJradar_processed/20190722/ACC1H-hsr/BJXTZ/BJXTZ_201907221600.npz,/data/zry/BJradar_processed/20190722/ACC1H-hsr/Z9010/Z9010_201907221600.npz
2019-07-22 17:00:00,/data/zry/BJradar_processed/20190722/ACC1H-hsr/BJXFS/BJXFS_201907221700.npz,/data/zry/BJradar_processed/20190722/ACC1H-hsr/BJXCP/BJXCP_201907221700.npz,/data/zry/BJradar_processed/20190722/ACC1H-hsr/BJXSY/BJXSY_201907221700.npz,/data/zry/BJradar_processed/20190722/ACC1H-hsr/BJXTZ/BJXTZ_201907221700.npz,/data/zry/BJradar_processed/20190722/ACC1H-hsr/Z9010/Z9010_201907221700.npz
2019-07-22 18:00:00,/data/zry/BJradar_processed/20190722/ACC1H-hsr/BJXFS/BJXFS_201907221800.npz,/data/zry/BJradar_processed/20190722/ACC1H-hsr/BJXCP/BJXCP_201907221800.npz,/data/zry/BJradar_processed/20190722/ACC1H-hsr/BJXSY/BJXSY_201907221800.npz,/data/zry/BJradar_processed/20190722/ACC1H-hsr/BJXTZ/BJXTZ_201907221800.npz,/data/zry/BJradar_processed/20190722/ACC1H-hsr/Z9010/Z9010_201907221800.npz
2019-07-22 19:00:00,/data/zry/BJradar_processed/20190722/ACC1H-hsr/BJXFS/BJXFS_201907221900.npz,/data/zry/BJradar_processed/20190722/ACC1H-hsr/BJXCP/BJXCP_201907221900.npz,/data/zry/BJradar_processed/20190722/ACC1H-hsr/BJXSY/BJXSY_201907221900.npz,/data/zry/BJradar_processed/20190722/ACC1H-hsr/BJXTZ/BJXTZ_201907221900.npz,/data/zry/BJradar_processed/20190722/ACC1H-hsr/Z9010/Z9010_201907221900.npz
2019-07-22 20:00:00,/data/zry/BJradar_processed/20190722/ACC1H-hsr/BJXFS/BJXFS_201907222000.npz,/data/zry/BJradar_processed/20190722/ACC1H-hsr/BJXCP/BJXCP_201907222000.npz,/data/zry/BJradar_processed/20190722/ACC1H-hsr/BJXSY/BJXSY_201907222000.npz,/data/zry/BJradar_processed/20190722/ACC1H-hsr/BJXTZ/BJXTZ_201907222000.npz,/data/zry/BJradar_processed/20190722/ACC1H-hsr/Z9010/Z9010_201907222000.npz
2019-07-22 21:00:00,/data/zry/BJradar_processed/20190722/ACC1H-hsr/BJXFS/BJXFS_201907222100.npz,/data/zry/BJradar_processed/20190722/ACC1H-hsr/BJXCP/BJXCP_201907222100.npz,/data/zry/BJradar_processed/20190722/ACC1H-hsr/BJXSY/BJXSY_201907222100.npz,/data/zry/BJradar_processed/20190722/ACC1H-hsr/BJXTZ/BJXTZ_201907222100.npz,/data/zry/BJradar_processed/20190722/ACC1H-hsr/Z9010/Z9010_201907222100.npz
2019-07-22 22:00:00,/data/zry/BJradar_processed/20190722/ACC1H-hsr/BJXFS/BJXFS_201907222200.npz,/data/zry/BJradar_processed/20190722/ACC1H-hsr/BJXCP/BJXCP_201907222200.npz,/data/zry/BJradar_processed/20190722/ACC1H-hsr/BJXSY/BJXSY_201907222200.npz,/data/zry/BJradar_processed/20190722/ACC1H-hsr/BJXTZ/BJXTZ_201907222200.npz,/data/zry/BJradar_processed/20190722/ACC1H-hsr/Z9010/Z9010_201907222200.npz
2019-07-22 23:00:00,/data/zry/BJradar_processed/20190722/ACC1H-hsr/BJXFS/BJXFS_201907222300.npz,/data/zry/BJradar_processed/20190722/ACC1H-hsr/BJXCP/BJXCP_201907222300.npz,/data/zry/BJradar_processed/20190722/ACC1H-hsr/BJXSY/BJXSY_201907222300.npz,/data/zry/BJradar_processed/20190722/ACC1H-hsr/BJXTZ/BJXTZ_201907222300.npz,/data/zry/BJradar_processed/20190722/ACC1H-hsr/Z9010/Z9010_201907222300.npz
2019-07-23 00:00:00,/data/zry/BJradar_processed/20190722/ACC1H-hsr/BJXFS/BJXFS_201907230000.npz,/data/zry/BJradar_processed/20190722/ACC1H-hsr/BJXCP/BJXCP_201907230000.npz,/data/zry/BJradar_processed/20190722/ACC1H-hsr/BJXSY/BJXSY_201907230000.npz,/data/zry/BJradar_processed/20190722/ACC1H-hsr/BJXTZ/BJXTZ_201907230000.npz,/data/zry/BJradar_processed/20190722/ACC1H-hsr/Z9010/Z9010_201907230000.npz
2019-07-23 01:00:00,/data/zry/BJradar_processed/20190723/ACC1H-hsr/BJXFS/BJXFS_201907230100.npz,/data/zry/BJradar_processed/20190723/ACC1H-hsr/BJXCP/BJXCP_201907230100.npz,/data/zry/BJradar_processed/20190723/ACC1H-hsr/BJXSY/BJXSY_201907230100.npz,/data/zry/BJradar_processed/20190723/ACC1H-hsr/BJXTZ/BJXTZ_201907230100.npz,/data/zry/BJradar_processed/20190723/ACC1H-hsr/Z9010/Z9010_201907230100.npz
2019-07-23 02:00:00,/data/zry/BJradar_processed/20190723/ACC1H-hsr/BJXFS/BJXFS_201907230200.npz,/data/zry/BJradar_processed/20190723/ACC1H-hsr/BJXCP/BJXCP_201907230200.npz,/data/zry/BJradar_processed/20190723/ACC1H-hsr/BJXSY/BJXSY_201907230200.npz,/data/zry/BJradar_processed/20190723/ACC1H-hsr/BJXTZ/BJXTZ_201907230200.npz,/data/zry/BJradar_processed/20190723/ACC1H-hsr/Z9010/Z9010_201907230200.npz
2019-07-23 03:00:00,/data/zry/BJradar_processed/20190723/ACC1H-hsr/BJXFS/BJXFS_201907230300.npz,/data/zry/BJradar_processed/20190723/ACC1H-hsr/BJXCP/BJXCP_201907230300.npz,/data/zry/BJradar_processed/20190723/ACC1H-hsr/BJXSY/BJXSY_201907230300.npz,/data/zry/BJradar_processed/20190723/ACC1H-hsr/BJXTZ/BJXTZ_201907230300.npz,/data/zry/BJradar_processed/20190723/ACC1H-hsr/Z9010/Z9010_201907230300.npz
2019-07-23 04:00:00,/data/zry/BJradar_processed/20190723/ACC1H-hsr/BJXFS/BJXFS_201907230400.npz,/data/zry/BJradar_processed/20190723/ACC1H-hsr/BJXCP/BJXCP_201907230400.npz,/data/zry/BJradar_processed/20190723/ACC1H-hsr/BJXSY/BJXSY_201907230400.npz,/data/zry/BJradar_processed/20190723/ACC1H-hsr/BJXTZ/BJXTZ_201907230400.npz,/data/zry/BJradar_processed/20190723/ACC1H-hsr/Z9010/Z9010_201907230400.npz
2019-07-23 05:00:00,/data/zry/BJradar_processed/20190723/ACC1H-hsr/BJXFS/BJXFS_201907230500.npz,/data/zry/BJradar_processed/20190723/ACC1H-hsr/BJXCP/BJXCP_201907230500.npz,/data/zry/BJradar_processed/20190723/ACC1H-hsr/BJXSY/BJXSY_201907230500.npz,/data/zry/BJradar_processed/20190723/ACC1H-hsr/BJXTZ/BJXTZ_201907230500.npz,/data/zry/BJradar_processed/20190723/ACC1H-hsr/Z9010/Z9010_201907230500.npz
2019-07-23 06:00:00,/data/zry/BJradar_processed/20190723/ACC1H-hsr/BJXFS/BJXFS_201907230600.npz,/data/zry/BJradar_processed/20190723/ACC1H-hsr/BJXCP/BJXCP_201907230600.npz,/data/zry/BJradar_processed/20190723/ACC1H-hsr/BJXSY/BJXSY_201907230600.npz,/data/zry/BJradar_processed/20190723/ACC1H-hsr/BJXTZ/BJXTZ_201907230600.npz,/data/zry/BJradar_processed/20190723/ACC1H-hsr/Z9010/Z9010_201907230600.npz
2019-07-28 07:00:00,/data/zry/BJradar_processed/20190728/ACC1H-hsr/BJXFS/BJXFS_201907280700.npz,/data/zry/BJradar_processed/20190728/ACC1H-hsr/BJXCP/BJXCP_201907280700.npz,/data/zry/BJradar_processed/20190728/ACC1H-hsr/BJXSY/BJXSY_201907280700.npz,/data/zry/BJradar_processed/20190728/ACC1H-hsr/BJXTZ/BJXTZ_201907280700.npz,/data/zry/BJradar_processed/20190728/ACC1H-hsr/Z9010/Z9010_201907280700.npz
2019-07-28 08:00:00,/data/zry/BJradar_processed/20190728/ACC1H-hsr/BJXFS/BJXFS_201907280800.npz,/data/zry/BJradar_processed/20190728/ACC1H-hsr/BJXCP/BJXCP_201907280800.npz,/data/zry/BJradar_processed/20190728/ACC1H-hsr/BJXSY/BJXSY_201907280800.npz,/data/zry/BJradar_processed/20190728/ACC1H-hsr/BJXTZ/BJXTZ_201907280800.npz,/data/zry/BJradar_processed/20190728/ACC1H-hsr/Z9010/Z9010_201907280800.npz
2019-07-28 09:00:00,/data/zry/BJradar_processed/20190728/ACC1H-hsr/BJXFS/BJXFS_201907280900.npz,/data/zry/BJradar_processed/20190728/ACC1H-hsr/BJXCP/BJXCP_201907280900.npz,/data/zry/BJradar_processed/20190728/ACC1H-hsr/BJXSY/BJXSY_201907280900.npz,/data/zry/BJradar_processed/20190728/ACC1H-hsr/BJXTZ/BJXTZ_201907280900.npz,/data/zry/BJradar_processed/20190728/ACC1H-hsr/Z9010/Z9010_201907280900.npz
2019-07-28 10:00:00,/data/zry/BJradar_processed/20190728/ACC1H-hsr/BJXFS/BJXFS_201907281000.npz,/data/zry/BJradar_processed/20190728/ACC1H-hsr/BJXCP/BJXCP_201907281000.npz,/data/zry/BJradar_processed/20190728/ACC1H-hsr/BJXSY/BJXSY_201907281000.npz,/data/zry/BJradar_processed/20190728/ACC1H-hsr/BJXTZ/BJXTZ_201907281000.npz,/data/zry/BJradar_processed/20190728/ACC1H-hsr/Z9010/Z9010_201907281000.npz
2019-07-28 11:00:00,/data/zry/BJradar_processed/20190728/ACC1H-hsr/BJXFS/BJXFS_201907281100.npz,/data/zry/BJradar_processed/20190728/ACC1H-hsr/BJXCP/BJXCP_201907281100.npz,/data/zry/BJradar_processed/20190728/ACC1H-hsr/BJXSY/BJXSY_201907281100.npz,/data/zry/BJradar_processed/20190728/ACC1H-hsr/BJXTZ/BJXTZ_201907281100.npz,/data/zry/BJradar_processed/20190728/ACC1H-hsr/Z9010/Z9010_201907281100.npz
2019-07-28 12:00:00,/data/zry/BJradar_processed/20190728/ACC1H-hsr/BJXFS/BJXFS_201907281200.npz,/data/zry/BJradar_processed/20190728/ACC1H-hsr/BJXCP/BJXCP_201907281200.npz,/data/zry/BJradar_processed/20190728/ACC1H-hsr/BJXSY/BJXSY_201907281200.npz,/data/zry/BJradar_processed/20190728/ACC1H-hsr/BJXTZ/BJXTZ_201907281200.npz,/data/zry/BJradar_processed/20190728/ACC1H-hsr/Z9010/Z9010_201907281200.npz
2019-07-28 13:00:00,/data/zry/BJradar_processed/20190728/ACC1H-hsr/BJXFS/BJXFS_201907281300.npz,/data/zry/BJradar_processed/20190728/ACC1H-hsr/BJXCP/BJXCP_201907281300.npz,/data/zry/BJradar_processed/20190728/ACC1H-hsr/BJXSY/BJXSY_201907281300.npz,/data/zry/BJradar_processed/20190728/ACC1H-hsr/BJXTZ/BJXTZ_201907281300.npz,/data/zry/BJradar_processed/20190728/ACC1H-hsr/Z9010/Z9010_201907281300.npz
2019-07-28 14:00:00,/data/zry/BJradar_processed/20190728/ACC1H-hsr/BJXFS/BJXFS_201907281400.npz,/data/zry/BJradar_processed/20190728/ACC1H-hsr/BJXCP/BJXCP_201907281400.npz,/data/zry/BJradar_processed/20190728/ACC1H-hsr/BJXSY/BJXSY_201907281400.npz,/data/zry/BJradar_processed/20190728/ACC1H-hsr/BJXTZ/BJXTZ_201907281400.npz,/data/zry/BJradar_processed/20190728/ACC1H-hsr/Z9010/Z9010_201907281400.npz
2019-07-28 15:00:00,/data/zry/BJradar_processed/20190728/ACC1H-hsr/BJXFS/BJXFS_201907281500.npz,/data/zry/BJradar_processed/20190728/ACC1H-hsr/BJXCP/BJXCP_201907281500.npz,/data/zry/BJradar_processed/20190728/ACC1H-hsr/BJXSY/BJXSY_201907281500.npz,/data/zry/BJradar_processed/20190728/ACC1H-hsr/BJXTZ/BJXTZ_201907281500.npz,/data/zry/BJradar_processed/20190728/ACC1H-hsr/Z9010/Z9010_201907281500.npz
2019-07-28 16:00:00,/data/zry/BJradar_processed/20190728/ACC1H-hsr/BJXFS/BJXFS_201907281600.npz,/data/zry/BJradar_processed/20190728/ACC1H-hsr/BJXCP/BJXCP_201907281600.npz,/data/zry/BJradar_processed/20190728/ACC1H-hsr/BJXSY/BJXSY_201907281600.npz,/data/zry/BJradar_processed/20190728/ACC1H-hsr/BJXTZ/BJXTZ_201907281600.npz,/data/zry/BJradar_processed/20190728/ACC1H-hsr/Z9010/Z9010_201907281600.npz
2019-07-28 17:00:00,/data/zry/BJradar_processed/20190728/ACC1H-hsr/BJXFS/BJXFS_201907281700.npz,/data/zry/BJradar_processed/20190728/ACC1H-hsr/BJXCP/BJXCP_201907281700.npz,/data/zry/BJradar_processed/20190728/ACC1H-hsr/BJXSY/BJXSY_201907281700.npz,/data/zry/BJradar_processed/20190728/ACC1H-hsr/BJXTZ/BJXTZ_201907281700.npz,/data/zry/BJradar_processed/20190728/ACC1H-hsr/Z9010/Z9010_201907281700.npz
2019-07-28 18:00:00,/data/zry/BJradar_processed/20190728/ACC1H-hsr/BJXFS/BJXFS_201907281800.npz,/data/zry/BJradar_processed/20190728/ACC1H-hsr/BJXCP/BJXCP_201907281800.npz,/data/zry/BJradar_processed/20190728/ACC1H-hsr/BJXSY/BJXSY_201907281800.npz,/data/zry/BJradar_processed/20190728/ACC1H-hsr/BJXTZ/BJXTZ_201907281800.npz,/data/zry/BJradar_processed/20190728/ACC1H-hsr/Z9010/Z9010_201907281800.npz
2019-07-28 19:00:00,/data/zry/BJradar_processed/20190728/ACC1H-hsr/BJXFS/BJXFS_201907281900.npz,/data/zry/BJradar_processed/20190728/ACC1H-hsr/BJXCP/BJXCP_201907281900.npz,/data/zry/BJradar_processed/20190728/ACC1H-hsr/BJXSY/BJXSY_201907281900.npz,/data/zry/BJradar_processed/20190728/ACC1H-hsr/BJXTZ/BJXTZ_201907281900.npz,/data/zry/BJradar_processed/20190728/ACC1H-hsr/Z9010/Z9010_201907281900.npz
2019-07-28 20:00:00,/data/zry/BJradar_processed/20190728/ACC1H-hsr/BJXFS/BJXFS_201907282000.npz,/data/zry/BJradar_processed/20190728/ACC1H-hsr/BJXCP/BJXCP_201907282000.npz,/data/zry/BJradar_processed/20190728/ACC1H-hsr/BJXSY/BJXSY_201907282000.npz,/data/zry/BJradar_processed/20190728/ACC1H-hsr/BJXTZ/BJXTZ_201907282000.npz,/data/zry/BJradar_processed/20190728/ACC1H-hsr/Z9010/Z9010_201907282000.npz
2019-07-28 21:00:00,/data/zry/BJradar_processed/20190728/ACC1H-hsr/BJXFS/BJXFS_201907282100.npz,/data/zry/BJradar_processed/20190728/ACC1H-hsr/BJXCP/BJXCP_201907282100.npz,/data/zry/BJradar_processed/20190728/ACC1H-hsr/BJXSY/BJXSY_201907282100.npz,/data/zry/BJradar_processed/20190728/ACC1H-hsr/BJXTZ/BJXTZ_201907282100.npz,/data/zry/BJradar_processed/20190728/ACC1H-hsr/Z9010/Z9010_201907282100.npz
2019-07-28 22:00:00,/data/zry/BJradar_processed/20190728/ACC1H-hsr/BJXFS/BJXFS_201907282200.npz,/data/zry/BJradar_processed/20190728/ACC1H-hsr/BJXCP/BJXCP_201907282200.npz,/data/zry/BJradar_processed/20190728/ACC1H-hsr/BJXSY/BJXSY_201907282200.npz,/data/zry/BJradar_processed/20190728/ACC1H-hsr/BJXTZ/BJXTZ_201907282200.npz,/data/zry/BJradar_processed/20190728/ACC1H-hsr/Z9010/Z9010_201907282200.npz
2019-07-28 23:00:00,/data/zry/BJradar_processed/20190728/ACC1H-hsr/BJXFS/BJXFS_201907282300.npz,/data/zry/BJradar_processed/20190728/ACC1H-hsr/BJXCP/BJXCP_201907282300.npz,/data/zry/BJradar_processed/20190728/ACC1H-hsr/BJXSY/BJXSY_201907282300.npz,/data/zry/BJradar_processed/20190728/ACC1H-hsr/BJXTZ/BJXTZ_201907282300.npz,/data/zry/BJradar_processed/20190728/ACC1H-hsr/Z9010/Z9010_201907282300.npz
2019-07-29 00:00:00,/data/zry/BJradar_processed/20190728/ACC1H-hsr/BJXFS/BJXFS_201907290000.npz,/data/zry/BJradar_processed/20190728/ACC1H-hsr/BJXCP/BJXCP_201907290000.npz,/data/zry/BJradar_processed/20190728/ACC1H-hsr/BJXSY/BJXSY_201907290000.npz,/data/zry/BJradar_processed/20190728/ACC1H-hsr/BJXTZ/BJXTZ_201907290000.npz,/data/zry/BJradar_processed/20190728/ACC1H-hsr/Z9010/Z9010_201907290000.npz
2019-07-29 01:00:00,/data/zry/BJradar_processed/20190729/ACC1H-hsr/BJXFS/BJXFS_201907290100.npz,/data/zry/BJradar_processed/20190729/ACC1H-hsr/BJXCP/BJXCP_201907290100.npz,/data/zry/BJradar_processed/20190729/ACC1H-hsr/BJXSY/BJXSY_201907290100.npz,/data/zry/BJradar_processed/20190729/ACC1H-hsr/BJXTZ/BJXTZ_201907290100.npz,/data/zry/BJradar_processed/20190729/ACC1H-hsr/Z9010/Z9010_201907290100.npz
2019-07-29 02:00:00,/data/zry/BJradar_processed/20190729/ACC1H-hsr/BJXFS/BJXFS_201907290200.npz,/data/zry/BJradar_processed/20190729/ACC1H-hsr/BJXCP/BJXCP_201907290200.npz,/data/zry/BJradar_processed/20190729/ACC1H-hsr/BJXSY/BJXSY_201907290200.npz,/data/zry/BJradar_processed/20190729/ACC1H-hsr/BJXTZ/BJXTZ_201907290200.npz,/data/zry/BJradar_processed/20190729/ACC1H-hsr/Z9010/Z9010_201907290200.npz
2019-07-29 03:00:00,/data/zry/BJradar_processed/20190729/ACC1H-hsr/BJXFS/BJXFS_201907290300.npz,/data/zry/BJradar_processed/20190729/ACC1H-hsr/BJXCP/BJXCP_201907290300.npz,/data/zry/BJradar_processed/20190729/ACC1H-hsr/BJXSY/BJXSY_201907290300.npz,/data/zry/BJradar_processed/20190729/ACC1H-hsr/BJXTZ/BJXTZ_201907290300.npz,/data/zry/BJradar_processed/20190729/ACC1H-hsr/Z9010/Z9010_201907290300.npz
2019-07-29 04:00:00,/data/zry/BJradar_processed/20190729/ACC1H-hsr/BJXFS/BJXFS_201907290400.npz,/data/zry/BJradar_processed/20190729/ACC1H-hsr/BJXCP/BJXCP_201907290400.npz,/data/zry/BJradar_processed/20190729/ACC1H-hsr/BJXSY/BJXSY_201907290400.npz,/data/zry/BJradar_processed/20190729/ACC1H-hsr/BJXTZ/BJXTZ_201907290400.npz,/data/zry/BJradar_processed/20190729/ACC1H-hsr/Z9010/Z9010_201907290400.npz
2019-07-29 05:00:00,/data/zry/BJradar_processed/20190729/ACC1H-hsr/BJXFS/BJXFS_201907290500.npz,/data/zry/BJradar_processed/20190729/ACC1H-hsr/BJXCP/BJXCP_201907290500.npz,/data/zry/BJradar_processed/20190729/ACC1H-hsr/BJXSY/BJXSY_201907290500.npz,/data/zry/BJradar_processed/20190729/ACC1H-hsr/BJXTZ/BJXTZ_201907290500.npz,/data/zry/BJradar_processed/20190729/ACC1H-hsr/Z9010/Z9010_201907290500.npz
2019-07-29 06:00:00,/data/zry/BJradar_processed/20190729/ACC1H-hsr/BJXFS/BJXFS_201907290600.npz,/data/zry/BJradar_processed/20190729/ACC1H-hsr/BJXCP/BJXCP_201907290600.npz,/data/zry/BJradar_processed/20190729/ACC1H-hsr/BJXSY/BJXSY_201907290600.npz,/data/zry/BJradar_processed/20190729/ACC1H-hsr/BJXTZ/BJXTZ_201907290600.npz,/data/zry/BJradar_processed/20190729/ACC1H-hsr/Z9010/Z9010_201907290600.npz
2019-07-29 07:00:00,/data/zry/BJradar_processed/20190729/ACC1H-hsr/BJXFS/BJXFS_201907290700.npz,/data/zry/BJradar_processed/20190729/ACC1H-hsr/BJXCP/BJXCP_201907290700.npz,/data/zry/BJradar_processed/20190729/ACC1H-hsr/BJXSY/BJXSY_201907290700.npz,/data/zry/BJradar_processed/20190729/ACC1H-hsr/BJXTZ/BJXTZ_201907290700.npz,/data/zry/BJradar_processed/20190729/ACC1H-hsr/Z9010/Z9010_201907290700.npz
2019-07-29 08:00:00,/data/zry/BJradar_processed/20190729/ACC1H-hsr/BJXFS/BJXFS_201907290800.npz,/data/zry/BJradar_processed/20190729/ACC1H-hsr/BJXCP/BJXCP_201907290800.npz,/data/zry/BJradar_processed/20190729/ACC1H-hsr/BJXSY/BJXSY_201907290800.npz,/data/zry/BJradar_processed/20190729/ACC1H-hsr/BJXTZ/BJXTZ_201907290800.npz,/data/zry/BJradar_processed/20190729/ACC1H-hsr/Z9010/Z9010_201907290800.npz
2019-07-29 09:00:00,/data/zry/BJradar_processed/20190729/ACC1H-hsr/BJXFS/BJXFS_201907290900.npz,/data/zry/BJradar_processed/20190729/ACC1H-hsr/BJXCP/BJXCP_201907290900.npz,/data/zry/BJradar_processed/20190729/ACC1H-hsr/BJXSY/BJXSY_201907290900.npz,/data/zry/BJradar_processed/20190729/ACC1H-hsr/BJXTZ/BJXTZ_201907290900.npz,/data/zry/BJradar_processed/20190729/ACC1H-hsr/Z9010/Z9010_201907290900.npz
2019-07-29 10:00:00,/data/zry/BJradar_processed/20190729/ACC1H-hsr/BJXFS/BJXFS_201907291000.npz,/data/zry/BJradar_processed/20190729/ACC1H-hsr/BJXCP/BJXCP_201907291000.npz,/data/zry/BJradar_processed/20190729/ACC1H-hsr/BJXSY/BJXSY_201907291000.npz,/data/zry/BJradar_processed/20190729/ACC1H-hsr/BJXTZ/BJXTZ_201907291000.npz,/data/zry/BJradar_processed/20190729/ACC1H-hsr/Z9010/Z9010_201907291000.npz
2019-07-29 11:00:00,/data/zry/BJradar_processed/20190729/ACC1H-hsr/BJXFS/BJXFS_201907291100.npz,/data/zry/BJradar_processed/20190729/ACC1H-hsr/BJXCP/BJXCP_201907291100.npz,/data/zry/BJradar_processed/20190729/ACC1H-hsr/BJXSY/BJXSY_201907291100.npz,/data/zry/BJradar_processed/20190729/ACC1H-hsr/BJXTZ/BJXTZ_201907291100.npz,/data/zry/BJradar_processed/20190729/ACC1H-hsr/Z9010/Z9010_201907291100.npz
2019-07-29 12:00:00,/data/zry/BJradar_processed/20190729/ACC1H-hsr/BJXFS/BJXFS_201907291200.npz,/data/zry/BJradar_processed/20190729/ACC1H-hsr/BJXCP/BJXCP_201907291200.npz,/data/zry/BJradar_processed/20190729/ACC1H-hsr/BJXSY/BJXSY_201907291200.npz,/data/zry/BJradar_processed/20190729/ACC1H-hsr/BJXTZ/BJXTZ_201907291200.npz,/data/zry/BJradar_processed/20190729/ACC1H-hsr/Z9010/Z9010_201907291200.npz
2019-08-04 07:00:00,/data/zry/BJradar_processed/20190804/ACC1H-hsr/BJXFS/BJXFS_201908040700.npz,/data/zry/BJradar_processed/20190804/ACC1H-hsr/BJXCP/BJXCP_201908040700.npz,/data/zry/BJradar_processed/20190804/ACC1H-hsr/BJXSY/BJXSY_201908040700.npz,/data/zry/BJradar_processed/20190804/ACC1H-hsr/BJXTZ/BJXTZ_201908040700.npz,/data/zry/BJradar_processed/20190804/ACC1H-hsr/Z9010/Z9010_201908040700.npz
2019-08-04 08:00:00,/data/zry/BJradar_processed/20190804/ACC1H-hsr/BJXFS/BJXFS_201908040800.npz,/data/zry/BJradar_processed/20190804/ACC1H-hsr/BJXCP/BJXCP_201908040800.npz,/data/zry/BJradar_processed/20190804/ACC1H-hsr/BJXSY/BJXSY_201908040800.npz,/data/zry/BJradar_processed/20190804/ACC1H-hsr/BJXTZ/BJXTZ_201908040800.npz,/data/zry/BJradar_processed/20190804/ACC1H-hsr/Z9010/Z9010_201908040800.npz
2019-08-04 09:00:00,/data/zry/BJradar_processed/20190804/ACC1H-hsr/BJXFS/BJXFS_201908040900.npz,/data/zry/BJradar_processed/20190804/ACC1H-hsr/BJXCP/BJXCP_201908040900.npz,/data/zry/BJradar_processed/20190804/ACC1H-hsr/BJXSY/BJXSY_201908040900.npz,/data/zry/BJradar_processed/20190804/ACC1H-hsr/BJXTZ/BJXTZ_201908040900.npz,/data/zry/BJradar_processed/20190804/ACC1H-hsr/Z9010/Z9010_201908040900.npz
2019-08-04 10:00:00,/data/zry/BJradar_processed/20190804/ACC1H-hsr/BJXFS/BJXFS_201908041000.npz,/data/zry/BJradar_processed/20190804/ACC1H-hsr/BJXCP/BJXCP_201908041000.npz,/data/zry/BJradar_processed/20190804/ACC1H-hsr/BJXSY/BJXSY_201908041000.npz,/data/zry/BJradar_processed/20190804/ACC1H-hsr/BJXTZ/BJXTZ_201908041000.npz,/data/zry/BJradar_processed/20190804/ACC1H-hsr/Z9010/Z9010_201908041000.npz
2019-08-04 11:00:00,/data/zry/BJradar_processed/20190804/ACC1H-hsr/BJXFS/BJXFS_201908041100.npz,/data/zry/BJradar_processed/20190804/ACC1H-hsr/BJXCP/BJXCP_201908041100.npz,/data/zry/BJradar_processed/20190804/ACC1H-hsr/BJXSY/BJXSY_201908041100.npz,/data/zry/BJradar_processed/20190804/ACC1H-hsr/BJXTZ/BJXTZ_201908041100.npz,/data/zry/BJradar_processed/20190804/ACC1H-hsr/Z9010/Z9010_201908041100.npz
2019-08-04 12:00:00,/data/zry/BJradar_processed/20190804/ACC1H-hsr/BJXFS/BJXFS_201908041200.npz,/data/zry/BJradar_processed/20190804/ACC1H-hsr/BJXCP/BJXCP_201908041200.npz,/data/zry/BJradar_processed/20190804/ACC1H-hsr/BJXSY/BJXSY_201908041200.npz,/data/zry/BJradar_processed/20190804/ACC1H-hsr/BJXTZ/BJXTZ_201908041200.npz,/data/zry/BJradar_processed/20190804/ACC1H-hsr/Z9010/Z9010_201908041200.npz
2019-08-04 13:00:00,/data/zry/BJradar_processed/20190804/ACC1H-hsr/BJXFS/BJXFS_201908041300.npz,/data/zry/BJradar_processed/20190804/ACC1H-hsr/BJXCP/BJXCP_201908041300.npz,/data/zry/BJradar_processed/20190804/ACC1H-hsr/BJXSY/BJXSY_201908041300.npz,/data/zry/BJradar_processed/20190804/ACC1H-hsr/BJXTZ/BJXTZ_201908041300.npz,/data/zry/BJradar_processed/20190804/ACC1H-hsr/Z9010/Z9010_201908041300.npz
2019-08-04 14:00:00,/data/zry/BJradar_processed/20190804/ACC1H-hsr/BJXFS/BJXFS_201908041400.npz,/data/zry/BJradar_processed/20190804/ACC1H-hsr/BJXCP/BJXCP_201908041400.npz,/data/zry/BJradar_processed/20190804/ACC1H-hsr/BJXSY/BJXSY_201908041400.npz,/data/zry/BJradar_processed/20190804/ACC1H-hsr/BJXTZ/BJXTZ_201908041400.npz,/data/zry/BJradar_processed/20190804/ACC1H-hsr/Z9010/Z9010_201908041400.npz
2019-08-04 15:00:00,/data/zry/BJradar_processed/20190804/ACC1H-hsr/BJXFS/BJXFS_201908041500.npz,/data/zry/BJradar_processed/20190804/ACC1H-hsr/BJXCP/BJXCP_201908041500.npz,/data/zry/BJradar_processed/20190804/ACC1H-hsr/BJXSY/BJXSY_201908041500.npz,/data/zry/BJradar_processed/20190804/ACC1H-hsr/BJXTZ/BJXTZ_201908041500.npz,/data/zry/BJradar_processed/20190804/ACC1H-hsr/Z9010/Z9010_201908041500.npz
2019-08-04 16:00:00,/data/zry/BJradar_processed/20190804/ACC1H-hsr/BJXFS/BJXFS_201908041600.npz,/data/zry/BJradar_processed/20190804/ACC1H-hsr/BJXCP/BJXCP_201908041600.npz,/data/zry/BJradar_processed/20190804/ACC1H-hsr/BJXSY/BJXSY_201908041600.npz,/data/zry/BJradar_processed/20190804/ACC1H-hsr/BJXTZ/BJXTZ_201908041600.npz,/data/zry/BJradar_processed/20190804/ACC1H-hsr/Z9010/Z9010_201908041600.npz
2019-08-04 17:00:00,/data/zry/BJradar_processed/20190804/ACC1H-hsr/BJXFS/BJXFS_201908041700.npz,/data/zry/BJradar_processed/20190804/ACC1H-hsr/BJXCP/BJXCP_201908041700.npz,/data/zry/BJradar_processed/20190804/ACC1H-hsr/BJXSY/BJXSY_201908041700.npz,/data/zry/BJradar_processed/20190804/ACC1H-hsr/BJXTZ/BJXTZ_201908041700.npz,/data/zry/BJradar_processed/20190804/ACC1H-hsr/Z9010/Z9010_201908041700.npz
2019-08-04 18:00:00,/data/zry/BJradar_processed/20190804/ACC1H-hsr/BJXFS/BJXFS_201908041800.npz,/data/zry/BJradar_processed/20190804/ACC1H-hsr/BJXCP/BJXCP_201908041800.npz,/data/zry/BJradar_processed/20190804/ACC1H-hsr/BJXSY/BJXSY_201908041800.npz,/data/zry/BJradar_processed/20190804/ACC1H-hsr/BJXTZ/BJXTZ_201908041800.npz,/data/zry/BJradar_processed/20190804/ACC1H-hsr/Z9010/Z9010_201908041800.npz
2019-08-04 19:00:00,/data/zry/BJradar_processed/20190804/ACC1H-hsr/BJXFS/BJXFS_201908041900.npz,/data/zry/BJradar_processed/20190804/ACC1H-hsr/BJXCP/BJXCP_201908041900.npz,/data/zry/BJradar_processed/20190804/ACC1H-hsr/BJXSY/BJXSY_201908041900.npz,/data/zry/BJradar_processed/20190804/ACC1H-hsr/BJXTZ/BJXTZ_201908041900.npz,/data/zry/BJradar_processed/20190804/ACC1H-hsr/Z9010/Z9010_201908041900.npz
2019-08-04 20:00:00,/data/zry/BJradar_processed/20190804/ACC1H-hsr/BJXFS/BJXFS_201908042000.npz,/data/zry/BJradar_processed/20190804/ACC1H-hsr/BJXCP/BJXCP_201908042000.npz,/data/zry/BJradar_processed/20190804/ACC1H-hsr/BJXSY/BJXSY_201908042000.npz,/data/zry/BJradar_processed/20190804/ACC1H-hsr/BJXTZ/BJXTZ_201908042000.npz,/data/zry/BJradar_processed/20190804/ACC1H-hsr/Z9010/Z9010_201908042000.npz
2019-08-04 21:00:00,/data/zry/BJradar_processed/20190804/ACC1H-hsr/BJXFS/BJXFS_201908042100.npz,/data/zry/BJradar_processed/20190804/ACC1H-hsr/BJXCP/BJXCP_201908042100.npz,/data/zry/BJradar_processed/20190804/ACC1H-hsr/BJXSY/BJXSY_201908042100.npz,/data/zry/BJradar_processed/20190804/ACC1H-hsr/BJXTZ/BJXTZ_201908042100.npz,/data/zry/BJradar_processed/20190804/ACC1H-hsr/Z9010/Z9010_201908042100.npz
2019-08-04 22:00:00,/data/zry/BJradar_processed/20190804/ACC1H-hsr/BJXFS/BJXFS_201908042200.npz,/data/zry/BJradar_processed/20190804/ACC1H-hsr/BJXCP/BJXCP_201908042200.npz,/data/zry/BJradar_processed/20190804/ACC1H-hsr/BJXSY/BJXSY_201908042200.npz,/data/zry/BJradar_processed/20190804/ACC1H-hsr/BJXTZ/BJXTZ_201908042200.npz,/data/zry/BJradar_processed/20190804/ACC1H-hsr/Z9010/Z9010_201908042200.npz
2019-08-04 23:00:00,/data/zry/BJradar_processed/20190804/ACC1H-hsr/BJXFS/BJXFS_201908042300.npz,/data/zry/BJradar_processed/20190804/ACC1H-hsr/BJXCP/BJXCP_201908042300.npz,/data/zry/BJradar_processed/20190804/ACC1H-hsr/BJXSY/BJXSY_201908042300.npz,/data/zry/BJradar_processed/20190804/ACC1H-hsr/BJXTZ/BJXTZ_201908042300.npz,/data/zry/BJradar_processed/20190804/ACC1H-hsr/Z9010/Z9010_201908042300.npz
2019-08-05 00:00:00,/data/zry/BJradar_processed/20190804/ACC1H-hsr/BJXFS/BJXFS_201908050000.npz,/data/zry/BJradar_processed/20190804/ACC1H-hsr/BJXCP/BJXCP_201908050000.npz,/data/zry/BJradar_processed/20190804/ACC1H-hsr/BJXSY/BJXSY_201908050000.npz,/data/zry/BJradar_processed/20190804/ACC1H-hsr/BJXTZ/BJXTZ_201908050000.npz,/data/zry/BJradar_processed/20190804/ACC1H-hsr/Z9010/Z9010_201908050000.npz
2019-08-05 01:00:00,/data/zry/BJradar_processed/20190805/ACC1H-hsr/BJXFS/BJXFS_201908050100.npz,/data/zry/BJradar_processed/20190805/ACC1H-hsr/BJXCP/BJXCP_201908050100.npz,/data/zry/BJradar_processed/20190805/ACC1H-hsr/BJXSY/BJXSY_201908050100.npz,/data/zry/BJradar_processed/20190805/ACC1H-hsr/BJXTZ/BJXTZ_201908050100.npz,/data/zry/BJradar_processed/20190805/ACC1H-hsr/Z9010/Z9010_201908050100.npz
2019-08-05 02:00:00,/data/zry/BJradar_processed/20190805/ACC1H-hsr/BJXFS/BJXFS_201908050200.npz,/data/zry/BJradar_processed/20190805/ACC1H-hsr/BJXCP/BJXCP_201908050200.npz,/data/zry/BJradar_processed/20190805/ACC1H-hsr/BJXSY/BJXSY_201908050200.npz,/data/zry/BJradar_processed/20190805/ACC1H-hsr/BJXTZ/BJXTZ_201908050200.npz,/data/zry/BJradar_processed/20190805/ACC1H-hsr/Z9010/Z9010_201908050200.npz
2019-08-05 03:00:00,/data/zry/BJradar_processed/20190805/ACC1H-hsr/BJXFS/BJXFS_201908050300.npz,/data/zry/BJradar_processed/20190805/ACC1H-hsr/BJXCP/BJXCP_201908050300.npz,/data/zry/BJradar_processed/20190805/ACC1H-hsr/BJXSY/BJXSY_201908050300.npz,/data/zry/BJradar_processed/20190805/ACC1H-hsr/BJXTZ/BJXTZ_201908050300.npz,/data/zry/BJradar_processed/20190805/ACC1H-hsr/Z9010/Z9010_201908050300.npz
2019-08-05 04:00:00,/data/zry/BJradar_processed/20190805/ACC1H-hsr/BJXFS/BJXFS_201908050400.npz,/data/zry/BJradar_processed/20190805/ACC1H-hsr/BJXCP/BJXCP_201908050400.npz,/data/zry/BJradar_processed/20190805/ACC1H-hsr/BJXSY/BJXSY_201908050400.npz,/data/zry/BJradar_processed/20190805/ACC1H-hsr/BJXTZ/BJXTZ_201908050400.npz,/data/zry/BJradar_processed/20190805/ACC1H-hsr/Z9010/Z9010_201908050400.npz
2019-08-05 05:00:00,/data/zry/BJradar_processed/20190805/ACC1H-hsr/BJXFS/BJXFS_201908050500.npz,/data/zry/BJradar_processed/20190805/ACC1H-hsr/BJXCP/BJXCP_201908050500.npz,/data/zry/BJradar_processed/20190805/ACC1H-hsr/BJXSY/BJXSY_201908050500.npz,/data/zry/BJradar_processed/20190805/ACC1H-hsr/BJXTZ/BJXTZ_201908050500.npz,/data/zry/BJradar_processed/20190805/ACC1H-hsr/Z9010/Z9010_201908050500.npz
2019-08-05 06:00:00,/data/zry/BJradar_processed/20190805/ACC1H-hsr/BJXFS/BJXFS_201908050600.npz,/data/zry/BJradar_processed/20190805/ACC1H-hsr/BJXCP/BJXCP_201908050600.npz,/data/zry/BJradar_processed/20190805/ACC1H-hsr/BJXSY/BJXSY_201908050600.npz,/data/zry/BJradar_processed/20190805/ACC1H-hsr/BJXTZ/BJXTZ_201908050600.npz,/data/zry/BJradar_processed/20190805/ACC1H-hsr/Z9010/Z9010_201908050600.npz
2019-08-05 07:00:00,/data/zry/BJradar_processed/20190805/ACC1H-hsr/BJXFS/BJXFS_201908050700.npz,/data/zry/BJradar_processed/20190805/ACC1H-hsr/BJXCP/BJXCP_201908050700.npz,/data/zry/BJradar_processed/20190805/ACC1H-hsr/BJXSY/BJXSY_201908050700.npz,/data/zry/BJradar_processed/20190805/ACC1H-hsr/BJXTZ/BJXTZ_201908050700.npz,/data/zry/BJradar_processed/20190805/ACC1H-hsr/Z9010/Z9010_201908050700.npz
2019-08-05 08:00:00,/data/zry/BJradar_processed/20190805/ACC1H-hsr/BJXFS/BJXFS_201908050800.npz,/data/zry/BJradar_processed/20190805/ACC1H-hsr/BJXCP/BJXCP_201908050800.npz,/data/zry/BJradar_processed/20190805/ACC1H-hsr/BJXSY/BJXSY_201908050800.npz,/data/zry/BJradar_processed/20190805/ACC1H-hsr/BJXTZ/BJXTZ_201908050800.npz,/data/zry/BJradar_processed/20190805/ACC1H-hsr/Z9010/Z9010_201908050800.npz
2019-08-05 09:00:00,/data/zry/BJradar_processed/20190805/ACC1H-hsr/BJXFS/BJXFS_201908050900.npz,/data/zry/BJradar_processed/20190805/ACC1H-hsr/BJXCP/BJXCP_201908050900.npz,/data/zry/BJradar_processed/20190805/ACC1H-hsr/BJXSY/BJXSY_201908050900.npz,/data/zry/BJradar_processed/20190805/ACC1H-hsr/BJXTZ/BJXTZ_201908050900.npz,/data/zry/BJradar_processed/20190805/ACC1H-hsr/Z9010/Z9010_201908050900.npz
2019-08-05 10:00:00,/data/zry/BJradar_processed/20190805/ACC1H-hsr/BJXFS/BJXFS_201908051000.npz,/data/zry/BJradar_processed/20190805/ACC1H-hsr/BJXCP/BJXCP_201908051000.npz,/data/zry/BJradar_processed/20190805/ACC1H-hsr/BJXSY/BJXSY_201908051000.npz,/data/zry/BJradar_processed/20190805/ACC1H-hsr/BJXTZ/BJXTZ_201908051000.npz,/data/zry/BJradar_processed/20190805/ACC1H-hsr/Z9010/Z9010_201908051000.npz
2019-08-05 11:00:00,/data/zry/BJradar_processed/20190805/ACC1H-hsr/BJXFS/BJXFS_201908051100.npz,/data/zry/BJradar_processed/20190805/ACC1H-hsr/BJXCP/BJXCP_201908051100.npz,/data/zry/BJradar_processed/20190805/ACC1H-hsr/BJXSY/BJXSY_201908051100.npz,/data/zry/BJradar_processed/20190805/ACC1H-hsr/BJXTZ/BJXTZ_201908051100.npz,/data/zry/BJradar_processed/20190805/ACC1H-hsr/Z9010/Z9010_201908051100.npz
2019-08-05 12:00:00,/data/zry/BJradar_processed/20190805/ACC1H-hsr/BJXFS/BJXFS_201908051200.npz,/data/zry/BJradar_processed/20190805/ACC1H-hsr/BJXCP/BJXCP_201908051200.npz,/data/zry/BJradar_processed/20190805/ACC1H-hsr/BJXSY/BJXSY_201908051200.npz,/data/zry/BJradar_processed/20190805/ACC1H-hsr/BJXTZ/BJXTZ_201908051200.npz,/data/zry/BJradar_processed/20190805/ACC1H-hsr/Z9010/Z9010_201908051200.npz
2019-08-05 13:00:00,/data/zry/BJradar_processed/20190805/ACC1H-hsr/BJXFS/BJXFS_201908051300.npz,/data/zry/BJradar_processed/20190805/ACC1H-hsr/BJXCP/BJXCP_201908051300.npz,/data/zry/BJradar_processed/20190805/ACC1H-hsr/BJXSY/BJXSY_201908051300.npz,/data/zry/BJradar_processed/20190805/ACC1H-hsr/BJXTZ/BJXTZ_201908051300.npz,/data/zry/BJradar_processed/20190805/ACC1H-hsr/Z9010/Z9010_201908051300.npz
2019-08-05 14:00:00,/data/zry/BJradar_processed/20190805/ACC1H-hsr/BJXFS/BJXFS_201908051400.npz,/data/zry/BJradar_processed/20190805/ACC1H-hsr/BJXCP/BJXCP_201908051400.npz,/data/zry/BJradar_processed/20190805/ACC1H-hsr/BJXSY/BJXSY_201908051400.npz,/data/zry/BJradar_processed/20190805/ACC1H-hsr/BJXTZ/BJXTZ_201908051400.npz,/data/zry/BJradar_processed/20190805/ACC1H-hsr/Z9010/Z9010_201908051400.npz
2019-08-05 15:00:00,/data/zry/BJradar_processed/20190805/ACC1H-hsr/BJXFS/BJXFS_201908051500.npz,/data/zry/BJradar_processed/20190805/ACC1H-hsr/BJXCP/BJXCP_201908051500.npz,/data/zry/BJradar_processed/20190805/ACC1H-hsr/BJXSY/BJXSY_201908051500.npz,/data/zry/BJradar_processed/20190805/ACC1H-hsr/BJXTZ/BJXTZ_201908051500.npz,/data/zry/BJradar_processed/20190805/ACC1H-hsr/Z9010/Z9010_201908051500.npz
2019-08-05 16:00:00,/data/zry/BJradar_processed/20190805/ACC1H-hsr/BJXFS/BJXFS_201908051600.npz,/data/zry/BJradar_processed/20190805/ACC1H-hsr/BJXCP/BJXCP_201908051600.npz,/data/zry/BJradar_processed/20190805/ACC1H-hsr/BJXSY/BJXSY_201908051600.npz,/data/zry/BJradar_processed/20190805/ACC1H-hsr/BJXTZ/BJXTZ_201908051600.npz,/data/zry/BJradar_processed/20190805/ACC1H-hsr/Z9010/Z9010_201908051600.npz
2019-08-05 17:00:00,/data/zry/BJradar_processed/20190805/ACC1H-hsr/BJXFS/BJXFS_201908051700.npz,/data/zry/BJradar_processed/20190805/ACC1H-hsr/BJXCP/BJXCP_201908051700.npz,/data/zry/BJradar_processed/20190805/ACC1H-hsr/BJXSY/BJXSY_201908051700.npz,/data/zry/BJradar_processed/20190805/ACC1H-hsr/BJXTZ/BJXTZ_201908051700.npz,/data/zry/BJradar_processed/20190805/ACC1H-hsr/Z9010/Z9010_201908051700.npz
2019-08-05 18:00:00,/data/zry/BJradar_processed/20190805/ACC1H-hsr/BJXFS/BJXFS_201908051800.npz,/data/zry/BJradar_processed/20190805/ACC1H-hsr/BJXCP/BJXCP_201908051800.npz,/data/zry/BJradar_processed/20190805/ACC1H-hsr/BJXSY/BJXSY_201908051800.npz,/data/zry/BJradar_processed/20190805/ACC1H-hsr/BJXTZ/BJXTZ_201908051800.npz,/data/zry/BJradar_processed/20190805/ACC1H-hsr/Z9010/Z9010_201908051800.npz
2019-08-08 19:00:00,/data/zry/BJradar_processed/20190808/ACC1H-hsr/BJXFS/BJXFS_201908081900.npz,/data/zry/BJradar_processed/20190808/ACC1H-hsr/BJXCP/BJXCP_201908081900.npz,/data/zry/BJradar_processed/20190808/ACC1H-hsr/BJXSY/BJXSY_201908081900.npz,/data/zry/BJradar_processed/20190808/ACC1H-hsr/BJXTZ/BJXTZ_201908081900.npz,/data/zry/BJradar_processed/20190808/ACC1H-hsr/Z9010/Z9010_201908081900.npz
2019-08-08 20:00:00,/data/zry/BJradar_processed/20190808/ACC1H-hsr/BJXFS/BJXFS_201908082000.npz,/data/zry/BJradar_processed/20190808/ACC1H-hsr/BJXCP/BJXCP_201908082000.npz,/data/zry/BJradar_processed/20190808/ACC1H-hsr/BJXSY/BJXSY_201908082000.npz,/data/zry/BJradar_processed/20190808/ACC1H-hsr/BJXTZ/BJXTZ_201908082000.npz,/data/zry/BJradar_processed/20190808/ACC1H-hsr/Z9010/Z9010_201908082000.npz
2019-08-08 21:00:00,/data/zry/BJradar_processed/20190808/ACC1H-hsr/BJXFS/BJXFS_201908082100.npz,/data/zry/BJradar_processed/20190808/ACC1H-hsr/BJXCP/BJXCP_201908082100.npz,/data/zry/BJradar_processed/20190808/ACC1H-hsr/BJXSY/BJXSY_201908082100.npz,/data/zry/BJradar_processed/20190808/ACC1H-hsr/BJXTZ/BJXTZ_201908082100.npz,/data/zry/BJradar_processed/20190808/ACC1H-hsr/Z9010/Z9010_201908082100.npz
2019-08-08 22:00:00,/data/zry/BJradar_processed/20190808/ACC1H-hsr/BJXFS/BJXFS_201908082200.npz,/data/zry/BJradar_processed/20190808/ACC1H-hsr/BJXCP/BJXCP_201908082200.npz,/data/zry/BJradar_processed/20190808/ACC1H-hsr/BJXSY/BJXSY_201908082200.npz,/data/zry/BJradar_processed/20190808/ACC1H-hsr/BJXTZ/BJXTZ_201908082200.npz,/data/zry/BJradar_processed/20190808/ACC1H-hsr/Z9010/Z9010_201908082200.npz
2019-08-08 23:00:00,/data/zry/BJradar_processed/20190808/ACC1H-hsr/BJXFS/BJXFS_201908082300.npz,/data/zry/BJradar_processed/20190808/ACC1H-hsr/BJXCP/BJXCP_201908082300.npz,/data/zry/BJradar_processed/20190808/ACC1H-hsr/BJXSY/BJXSY_201908082300.npz,/data/zry/BJradar_processed/20190808/ACC1H-hsr/BJXTZ/BJXTZ_201908082300.npz,/data/zry/BJradar_processed/20190808/ACC1H-hsr/Z9010/Z9010_201908082300.npz
2019-08-09 00:00:00,/data/zry/BJradar_processed/20190808/ACC1H-hsr/BJXFS/BJXFS_201908090000.npz,/data/zry/BJradar_processed/20190808/ACC1H-hsr/BJXCP/BJXCP_201908090000.npz,/data/zry/BJradar_processed/20190808/ACC1H-hsr/BJXSY/BJXSY_201908090000.npz,/data/zry/BJradar_processed/20190808/ACC1H-hsr/BJXTZ/BJXTZ_201908090000.npz,/data/zry/BJradar_processed/20190808/ACC1H-hsr/Z9010/Z9010_201908090000.npz
2019-08-09 01:00:00,/data/zry/BJradar_processed/20190809/ACC1H-hsr/BJXFS/BJXFS_201908090100.npz,/data/zry/BJradar_processed/20190809/ACC1H-hsr/BJXCP/BJXCP_201908090100.npz,/data/zry/BJradar_processed/20190809/ACC1H-hsr/BJXSY/BJXSY_201908090100.npz,/data/zry/BJradar_processed/20190809/ACC1H-hsr/BJXTZ/BJXTZ_201908090100.npz,/data/zry/BJradar_processed/20190809/ACC1H-hsr/Z9010/Z9010_201908090100.npz
2019-08-09 02:00:00,/data/zry/BJradar_processed/20190809/ACC1H-hsr/BJXFS/BJXFS_201908090200.npz,/data/zry/BJradar_processed/20190809/ACC1H-hsr/BJXCP/BJXCP_201908090200.npz,/data/zry/BJradar_processed/20190809/ACC1H-hsr/BJXSY/BJXSY_201908090200.npz,/data/zry/BJradar_processed/20190809/ACC1H-hsr/BJXTZ/BJXTZ_201908090200.npz,/data/zry/BJradar_processed/20190809/ACC1H-hsr/Z9010/Z9010_201908090200.npz
2019-08-09 03:00:00,/data/zry/BJradar_processed/20190809/ACC1H-hsr/BJXFS/BJXFS_201908090300.npz,/data/zry/BJradar_processed/20190809/ACC1H-hsr/BJXCP/BJXCP_201908090300.npz,/data/zry/BJradar_processed/20190809/ACC1H-hsr/BJXSY/BJXSY_201908090300.npz,/data/zry/BJradar_processed/20190809/ACC1H-hsr/BJXTZ/BJXTZ_201908090300.npz,/data/zry/BJradar_processed/20190809/ACC1H-hsr/Z9010/Z9010_201908090300.npz
2019-08-09 04:00:00,/data/zry/BJradar_processed/20190809/ACC1H-hsr/BJXFS/BJXFS_201908090400.npz,/data/zry/BJradar_processed/20190809/ACC1H-hsr/BJXCP/BJXCP_201908090400.npz,/data/zry/BJradar_processed/20190809/ACC1H-hsr/BJXSY/BJXSY_201908090400.npz,/data/zry/BJradar_processed/20190809/ACC1H-hsr/BJXTZ/BJXTZ_201908090400.npz,/data/zry/BJradar_processed/20190809/ACC1H-hsr/Z9010/Z9010_201908090400.npz
2019-08-09 05:00:00,/data/zry/BJradar_processed/20190809/ACC1H-hsr/BJXFS/BJXFS_201908090500.npz,/data/zry/BJradar_processed/20190809/ACC1H-hsr/BJXCP/BJXCP_201908090500.npz,/data/zry/BJradar_processed/20190809/ACC1H-hsr/BJXSY/BJXSY_201908090500.npz,/data/zry/BJradar_processed/20190809/ACC1H-hsr/BJXTZ/BJXTZ_201908090500.npz,/data/zry/BJradar_processed/20190809/ACC1H-hsr/Z9010/Z9010_201908090500.npz
2019-08-09 06:00:00,/data/zry/BJradar_processed/20190809/ACC1H-hsr/BJXFS/BJXFS_201908090600.npz,/data/zry/BJradar_processed/20190809/ACC1H-hsr/BJXCP/BJXCP_201908090600.npz,/data/zry/BJradar_processed/20190809/ACC1H-hsr/BJXSY/BJXSY_201908090600.npz,/data/zry/BJradar_processed/20190809/ACC1H-hsr/BJXTZ/BJXTZ_201908090600.npz,/data/zry/BJradar_processed/20190809/ACC1H-hsr/Z9010/Z9010_201908090600.npz
2019-08-09 07:00:00,/data/zry/BJradar_processed/20190809/ACC1H-hsr/BJXFS/BJXFS_201908090700.npz,/data/zry/BJradar_processed/20190809/ACC1H-hsr/BJXCP/BJXCP_201908090700.npz,/data/zry/BJradar_processed/20190809/ACC1H-hsr/BJXSY/BJXSY_201908090700.npz,/data/zry/BJradar_processed/20190809/ACC1H-hsr/BJXTZ/BJXTZ_201908090700.npz,/data/zry/BJradar_processed/20190809/ACC1H-hsr/Z9010/Z9010_201908090700.npz
2019-08-09 08:00:00,/data/zry/BJradar_processed/20190809/ACC1H-hsr/BJXFS/BJXFS_201908090800.npz,/data/zry/BJradar_processed/20190809/ACC1H-hsr/BJXCP/BJXCP_201908090800.npz,/data/zry/BJradar_processed/20190809/ACC1H-hsr/BJXSY/BJXSY_201908090800.npz,/data/zry/BJradar_processed/20190809/ACC1H-hsr/BJXTZ/BJXTZ_201908090800.npz,/data/zry/BJradar_processed/20190809/ACC1H-hsr/Z9010/Z9010_201908090800.npz
2019-08-09 09:00:00,/data/zry/BJradar_processed/20190809/ACC1H-hsr/BJXFS/BJXFS_201908090900.npz,/data/zry/BJradar_processed/20190809/ACC1H-hsr/BJXCP/BJXCP_201908090900.npz,/data/zry/BJradar_processed/20190809/ACC1H-hsr/BJXSY/BJXSY_201908090900.npz,/data/zry/BJradar_processed/20190809/ACC1H-hsr/BJXTZ/BJXTZ_201908090900.npz,/data/zry/BJradar_processed/20190809/ACC1H-hsr/Z9010/Z9010_201908090900.npz
2019-08-09 10:00:00,/data/zry/BJradar_processed/20190809/ACC1H-hsr/BJXFS/BJXFS_201908091000.npz,/data/zry/BJradar_processed/20190809/ACC1H-hsr/BJXCP/BJXCP_201908091000.npz,/data/zry/BJradar_processed/20190809/ACC1H-hsr/BJXSY/BJXSY_201908091000.npz,/data/zry/BJradar_processed/20190809/ACC1H-hsr/BJXTZ/BJXTZ_201908091000.npz,/data/zry/BJradar_processed/20190809/ACC1H-hsr/Z9010/Z9010_201908091000.npz
2019-08-09 11:00:00,/data/zry/BJradar_processed/20190809/ACC1H-hsr/BJXFS/BJXFS_201908091100.npz,/data/zry/BJradar_processed/20190809/ACC1H-hsr/BJXCP/BJXCP_201908091100.npz,/data/zry/BJradar_processed/20190809/ACC1H-hsr/BJXSY/BJXSY_201908091100.npz,/data/zry/BJradar_processed/20190809/ACC1H-hsr/BJXTZ/BJXTZ_201908091100.npz,/data/zry/BJradar_processed/20190809/ACC1H-hsr/Z9010/Z9010_201908091100.npz
2019-08-09 12:00:00,/data/zry/BJradar_processed/20190809/ACC1H-hsr/BJXFS/BJXFS_201908091200.npz,/data/zry/BJradar_processed/20190809/ACC1H-hsr/BJXCP/BJXCP_201908091200.npz,/data/zry/BJradar_processed/20190809/ACC1H-hsr/BJXSY/BJXSY_201908091200.npz,/data/zry/BJradar_processed/20190809/ACC1H-hsr/BJXTZ/BJXTZ_201908091200.npz,/data/zry/BJradar_processed/20190809/ACC1H-hsr/Z9010/Z9010_201908091200.npz
2019-08-09 13:00:00,/data/zry/BJradar_processed/20190809/ACC1H-hsr/BJXFS/BJXFS_201908091300.npz,/data/zry/BJradar_processed/20190809/ACC1H-hsr/BJXCP/BJXCP_201908091300.npz,/data/zry/BJradar_processed/20190809/ACC1H-hsr/BJXSY/BJXSY_201908091300.npz,/data/zry/BJradar_processed/20190809/ACC1H-hsr/BJXTZ/BJXTZ_201908091300.npz,/data/zry/BJradar_processed/20190809/ACC1H-hsr/Z9010/Z9010_201908091300.npz
2019-08-09 14:00:00,/data/zry/BJradar_processed/20190809/ACC1H-hsr/BJXFS/BJXFS_201908091400.npz,/data/zry/BJradar_processed/20190809/ACC1H-hsr/BJXCP/BJXCP_201908091400.npz,/data/zry/BJradar_processed/20190809/ACC1H-hsr/BJXSY/BJXSY_201908091400.npz,/data/zry/BJradar_processed/20190809/ACC1H-hsr/BJXTZ/BJXTZ_201908091400.npz,/data/zry/BJradar_processed/20190809/ACC1H-hsr/Z9010/Z9010_201908091400.npz
2019-08-09 15:00:00,/data/zry/BJradar_processed/20190809/ACC1H-hsr/BJXFS/BJXFS_201908091500.npz,/data/zry/BJradar_processed/20190809/ACC1H-hsr/BJXCP/BJXCP_201908091500.npz,/data/zry/BJradar_processed/20190809/ACC1H-hsr/BJXSY/BJXSY_201908091500.npz,/data/zry/BJradar_processed/20190809/ACC1H-hsr/BJXTZ/BJXTZ_201908091500.npz,/data/zry/BJradar_processed/20190809/ACC1H-hsr/Z9010/Z9010_201908091500.npz
2019-08-09 16:00:00,/data/zry/BJradar_processed/20190809/ACC1H-hsr/BJXFS/BJXFS_201908091600.npz,/data/zry/BJradar_processed/20190809/ACC1H-hsr/BJXCP/BJXCP_201908091600.npz,/data/zry/BJradar_processed/20190809/ACC1H-hsr/BJXSY/BJXSY_201908091600.npz,/data/zry/BJradar_processed/20190809/ACC1H-hsr/BJXTZ/BJXTZ_201908091600.npz,/data/zry/BJradar_processed/20190809/ACC1H-hsr/Z9010/Z9010_201908091600.npz
2019-08-09 17:00:00,/data/zry/BJradar_processed/20190809/ACC1H-hsr/BJXFS/BJXFS_201908091700.npz,/data/zry/BJradar_processed/20190809/ACC1H-hsr/BJXCP/BJXCP_201908091700.npz,/data/zry/BJradar_processed/20190809/ACC1H-hsr/BJXSY/BJXSY_201908091700.npz,/data/zry/BJradar_processed/20190809/ACC1H-hsr/BJXTZ/BJXTZ_201908091700.npz,/data/zry/BJradar_processed/20190809/ACC1H-hsr/Z9010/Z9010_201908091700.npz
2019-08-09 18:00:00,/data/zry/BJradar_processed/20190809/ACC1H-hsr/BJXFS/BJXFS_201908091800.npz,/data/zry/BJradar_processed/20190809/ACC1H-hsr/BJXCP/BJXCP_201908091800.npz,/data/zry/BJradar_processed/20190809/ACC1H-hsr/BJXSY/BJXSY_201908091800.npz,/data/zry/BJradar_processed/20190809/ACC1H-hsr/BJXTZ/BJXTZ_201908091800.npz,/data/zry/BJradar_processed/20190809/ACC1H-hsr/Z9010/Z9010_201908091800.npz
2019-08-09 19:00:00,/data/zry/BJradar_processed/20190809/ACC1H-hsr/BJXFS/BJXFS_201908091900.npz,/data/zry/BJradar_processed/20190809/ACC1H-hsr/BJXCP/BJXCP_201908091900.npz,/data/zry/BJradar_processed/20190809/ACC1H-hsr/BJXSY/BJXSY_201908091900.npz,/data/zry/BJradar_processed/20190809/ACC1H-hsr/BJXTZ/BJXTZ_201908091900.npz,/data/zry/BJradar_processed/20190809/ACC1H-hsr/Z9010/Z9010_201908091900.npz
2019-08-09 20:00:00,/data/zry/BJradar_processed/20190809/ACC1H-hsr/BJXFS/BJXFS_201908092000.npz,/data/zry/BJradar_processed/20190809/ACC1H-hsr/BJXCP/BJXCP_201908092000.npz,/data/zry/BJradar_processed/20190809/ACC1H-hsr/BJXSY/BJXSY_201908092000.npz,/data/zry/BJradar_processed/20190809/ACC1H-hsr/BJXTZ/BJXTZ_201908092000.npz,/data/zry/BJradar_processed/20190809/ACC1H-hsr/Z9010/Z9010_201908092000.npz
2019-08-09 21:00:00,/data/zry/BJradar_processed/20190809/ACC1H-hsr/BJXFS/BJXFS_201908092100.npz,/data/zry/BJradar_processed/20190809/ACC1H-hsr/BJXCP/BJXCP_201908092100.npz,/data/zry/BJradar_processed/20190809/ACC1H-hsr/BJXSY/BJXSY_201908092100.npz,/data/zry/BJradar_processed/20190809/ACC1H-hsr/BJXTZ/BJXTZ_201908092100.npz,/data/zry/BJradar_processed/20190809/ACC1H-hsr/Z9010/Z9010_201908092100.npz
2019-08-09 22:00:00,/data/zry/BJradar_processed/20190809/ACC1H-hsr/BJXFS/BJXFS_201908092200.npz,/data/zry/BJradar_processed/20190809/ACC1H-hsr/BJXCP/BJXCP_201908092200.npz,/data/zry/BJradar_processed/20190809/ACC1H-hsr/BJXSY/BJXSY_201908092200.npz,/data/zry/BJradar_processed/20190809/ACC1H-hsr/BJXTZ/BJXTZ_201908092200.npz,/data/zry/BJradar_processed/20190809/ACC1H-hsr/Z9010/Z9010_201908092200.npz
2019-08-09 23:00:00,/data/zry/BJradar_processed/20190809/ACC1H-hsr/BJXFS/BJXFS_201908092300.npz,/data/zry/BJradar_processed/20190809/ACC1H-hsr/BJXCP/BJXCP_201908092300.npz,/data/zry/BJradar_processed/20190809/ACC1H-hsr/BJXSY/BJXSY_201908092300.npz,/data/zry/BJradar_processed/20190809/ACC1H-hsr/BJXTZ/BJXTZ_201908092300.npz,/data/zry/BJradar_processed/20190809/ACC1H-hsr/Z9010/Z9010_201908092300.npz
2019-08-10 00:00:00,/data/zry/BJradar_processed/20190809/ACC1H-hsr/BJXFS/BJXFS_201908100000.npz,/data/zry/BJradar_processed/20190809/ACC1H-hsr/BJXCP/BJXCP_201908100000.npz,/data/zry/BJradar_processed/20190809/ACC1H-hsr/BJXSY/BJXSY_201908100000.npz,/data/zry/BJradar_processed/20190809/ACC1H-hsr/BJXTZ/BJXTZ_201908100000.npz,/data/zry/BJradar_processed/20190809/ACC1H-hsr/Z9010/Z9010_201908100000.npz
2019-08-10 01:00:00,/data/zry/BJradar_processed/20190810/ACC1H-hsr/BJXFS/BJXFS_201908100100.npz,/data/zry/BJradar_processed/20190810/ACC1H-hsr/BJXCP/BJXCP_201908100100.npz,/data/zry/BJradar_processed/20190810/ACC1H-hsr/BJXSY/BJXSY_201908100100.npz,/data/zry/BJradar_processed/20190810/ACC1H-hsr/BJXTZ/BJXTZ_201908100100.npz,/data/zry/BJradar_processed/20190810/ACC1H-hsr/Z9010/Z9010_201908100100.npz
2019-08-10 02:00:00,/data/zry/BJradar_processed/20190810/ACC1H-hsr/BJXFS/BJXFS_201908100200.npz,/data/zry/BJradar_processed/20190810/ACC1H-hsr/BJXCP/BJXCP_201908100200.npz,/data/zry/BJradar_processed/20190810/ACC1H-hsr/BJXSY/BJXSY_201908100200.npz,/data/zry/BJradar_processed/20190810/ACC1H-hsr/BJXTZ/BJXTZ_201908100200.npz,/data/zry/BJradar_processed/20190810/ACC1H-hsr/Z9010/Z9010_201908100200.npz
2019-08-10 03:00:00,/data/zry/BJradar_processed/20190810/ACC1H-hsr/BJXFS/BJXFS_201908100300.npz,/data/zry/BJradar_processed/20190810/ACC1H-hsr/BJXCP/BJXCP_201908100300.npz,/data/zry/BJradar_processed/20190810/ACC1H-hsr/BJXSY/BJXSY_201908100300.npz,/data/zry/BJradar_processed/20190810/ACC1H-hsr/BJXTZ/BJXTZ_201908100300.npz,/data/zry/BJradar_processed/20190810/ACC1H-hsr/Z9010/Z9010_201908100300.npz
2019-08-10 04:00:00,/data/zry/BJradar_processed/20190810/ACC1H-hsr/BJXFS/BJXFS_201908100400.npz,/data/zry/BJradar_processed/20190810/ACC1H-hsr/BJXCP/BJXCP_201908100400.npz,/data/zry/BJradar_processed/20190810/ACC1H-hsr/BJXSY/BJXSY_201908100400.npz,/data/zry/BJradar_processed/20190810/ACC1H-hsr/BJXTZ/BJXTZ_201908100400.npz,/data/zry/BJradar_processed/20190810/ACC1H-hsr/Z9010/Z9010_201908100400.npz
2019-08-10 05:00:00,/data/zry/BJradar_processed/20190810/ACC1H-hsr/BJXFS/BJXFS_201908100500.npz,/data/zry/BJradar_processed/20190810/ACC1H-hsr/BJXCP/BJXCP_201908100500.npz,/data/zry/BJradar_processed/20190810/ACC1H-hsr/BJXSY/BJXSY_201908100500.npz,/data/zry/BJradar_processed/20190810/ACC1H-hsr/BJXTZ/BJXTZ_201908100500.npz,/data/zry/BJradar_processed/20190810/ACC1H-hsr/Z9010/Z9010_201908100500.npz
2019-08-10 06:00:00,/data/zry/BJradar_processed/20190810/ACC1H-hsr/BJXFS/BJXFS_201908100600.npz,/data/zry/BJradar_processed/20190810/ACC1H-hsr/BJXCP/BJXCP_201908100600.npz,/data/zry/BJradar_processed/20190810/ACC1H-hsr/BJXSY/BJXSY_201908100600.npz,/data/zry/BJradar_processed/20190810/ACC1H-hsr/BJXTZ/BJXTZ_201908100600.npz,/data/zry/BJradar_processed/20190810/ACC1H-hsr/Z9010/Z9010_201908100600.npz
2019-09-09 07:00:00,/data/zry/BJradar_processed/20190909/ACC1H-hsr/BJXFS/BJXFS_201909090700.npz,/data/zry/BJradar_processed/20190909/ACC1H-hsr/BJXCP/BJXCP_201909090700.npz,/data/zry/BJradar_processed/20190909/ACC1H-hsr/BJXSY/BJXSY_201909090700.npz,/data/zry/BJradar_processed/20190909/ACC1H-hsr/BJXTZ/BJXTZ_201909090700.npz,/data/zry/BJradar_processed/20190909/ACC1H-hsr/Z9010/Z9010_201909090700.npz
2019-09-09 08:00:00,/data/zry/BJradar_processed/20190909/ACC1H-hsr/BJXFS/BJXFS_201909090800.npz,/data/zry/BJradar_processed/20190909/ACC1H-hsr/BJXCP/BJXCP_201909090800.npz,/data/zry/BJradar_processed/20190909/ACC1H-hsr/BJXSY/BJXSY_201909090800.npz,/data/zry/BJradar_processed/20190909/ACC1H-hsr/BJXTZ/BJXTZ_201909090800.npz,/data/zry/BJradar_processed/20190909/ACC1H-hsr/Z9010/Z9010_201909090800.npz
2019-09-09 09:00:00,/data/zry/BJradar_processed/20190909/ACC1H-hsr/BJXFS/BJXFS_201909090900.npz,/data/zry/BJradar_processed/20190909/ACC1H-hsr/BJXCP/BJXCP_201909090900.npz,/data/zry/BJradar_processed/20190909/ACC1H-hsr/BJXSY/BJXSY_201909090900.npz,/data/zry/BJradar_processed/20190909/ACC1H-hsr/BJXTZ/BJXTZ_201909090900.npz,/data/zry/BJradar_processed/20190909/ACC1H-hsr/Z9010/Z9010_201909090900.npz
2019-09-09 10:00:00,/data/zry/BJradar_processed/20190909/ACC1H-hsr/BJXFS/BJXFS_201909091000.npz,/data/zry/BJradar_processed/20190909/ACC1H-hsr/BJXCP/BJXCP_201909091000.npz,/data/zry/BJradar_processed/20190909/ACC1H-hsr/BJXSY/BJXSY_201909091000.npz,/data/zry/BJradar_processed/20190909/ACC1H-hsr/BJXTZ/BJXTZ_201909091000.npz,/data/zry/BJradar_processed/20190909/ACC1H-hsr/Z9010/Z9010_201909091000.npz
2019-09-09 11:00:00,/data/zry/BJradar_processed/20190909/ACC1H-hsr/BJXFS/BJXFS_201909091100.npz,/data/zry/BJradar_processed/20190909/ACC1H-hsr/BJXCP/BJXCP_201909091100.npz,/data/zry/BJradar_processed/20190909/ACC1H-hsr/BJXSY/BJXSY_201909091100.npz,/data/zry/BJradar_processed/20190909/ACC1H-hsr/BJXTZ/BJXTZ_201909091100.npz,/data/zry/BJradar_processed/20190909/ACC1H-hsr/Z9010/Z9010_201909091100.npz
2019-09-09 12:00:00,/data/zry/BJradar_processed/20190909/ACC1H-hsr/BJXFS/BJXFS_201909091200.npz,/data/zry/BJradar_processed/20190909/ACC1H-hsr/BJXCP/BJXCP_201909091200.npz,/data/zry/BJradar_processed/20190909/ACC1H-hsr/BJXSY/BJXSY_201909091200.npz,/data/zry/BJradar_processed/20190909/ACC1H-hsr/BJXTZ/BJXTZ_201909091200.npz,/data/zry/BJradar_processed/20190909/ACC1H-hsr/Z9010/Z9010_201909091200.npz
2019-09-09 13:00:00,/data/zry/BJradar_processed/20190909/ACC1H-hsr/BJXFS/BJXFS_201909091300.npz,/data/zry/BJradar_processed/20190909/ACC1H-hsr/BJXCP/BJXCP_201909091300.npz,/data/zry/BJradar_processed/20190909/ACC1H-hsr/BJXSY/BJXSY_201909091300.npz,/data/zry/BJradar_processed/20190909/ACC1H-hsr/BJXTZ/BJXTZ_201909091300.npz,/data/zry/BJradar_processed/20190909/ACC1H-hsr/Z9010/Z9010_201909091300.npz
2019-09-09 14:00:00,/data/zry/BJradar_processed/20190909/ACC1H-hsr/BJXFS/BJXFS_201909091400.npz,/data/zry/BJradar_processed/20190909/ACC1H-hsr/BJXCP/BJXCP_201909091400.npz,/data/zry/BJradar_processed/20190909/ACC1H-hsr/BJXSY/BJXSY_201909091400.npz,/data/zry/BJradar_processed/20190909/ACC1H-hsr/BJXTZ/BJXTZ_201909091400.npz,/data/zry/BJradar_processed/20190909/ACC1H-hsr/Z9010/Z9010_201909091400.npz
2019-09-09 15:00:00,/data/zry/BJradar_processed/20190909/ACC1H-hsr/BJXFS/BJXFS_201909091500.npz,/data/zry/BJradar_processed/20190909/ACC1H-hsr/BJXCP/BJXCP_201909091500.npz,/data/zry/BJradar_processed/20190909/ACC1H-hsr/BJXSY/BJXSY_201909091500.npz,/data/zry/BJradar_processed/20190909/ACC1H-hsr/BJXTZ/BJXTZ_201909091500.npz,/data/zry/BJradar_processed/20190909/ACC1H-hsr/Z9010/Z9010_201909091500.npz
2019-09-09 16:00:00,/data/zry/BJradar_processed/20190909/ACC1H-hsr/BJXFS/BJXFS_201909091600.npz,/data/zry/BJradar_processed/20190909/ACC1H-hsr/BJXCP/BJXCP_201909091600.npz,/data/zry/BJradar_processed/20190909/ACC1H-hsr/BJXSY/BJXSY_201909091600.npz,/data/zry/BJradar_processed/20190909/ACC1H-hsr/BJXTZ/BJXTZ_201909091600.npz,/data/zry/BJradar_processed/20190909/ACC1H-hsr/Z9010/Z9010_201909091600.npz
2019-09-09 17:00:00,/data/zry/BJradar_processed/20190909/ACC1H-hsr/BJXFS/BJXFS_201909091700.npz,/data/zry/BJradar_processed/20190909/ACC1H-hsr/BJXCP/BJXCP_201909091700.npz,/data/zry/BJradar_processed/20190909/ACC1H-hsr/BJXSY/BJXSY_201909091700.npz,/data/zry/BJradar_processed/20190909/ACC1H-hsr/BJXTZ/BJXTZ_201909091700.npz,/data/zry/BJradar_processed/20190909/ACC1H-hsr/Z9010/Z9010_201909091700.npz
2019-09-09 18:00:00,/data/zry/BJradar_processed/20190909/ACC1H-hsr/BJXFS/BJXFS_201909091800.npz,/data/zry/BJradar_processed/20190909/ACC1H-hsr/BJXCP/BJXCP_201909091800.npz,/data/zry/BJradar_processed/20190909/ACC1H-hsr/BJXSY/BJXSY_201909091800.npz,/data/zry/BJradar_processed/20190909/ACC1H-hsr/BJXTZ/BJXTZ_201909091800.npz,/data/zry/BJradar_processed/20190909/ACC1H-hsr/Z9010/Z9010_201909091800.npz
2019-09-09 19:00:00,/data/zry/BJradar_processed/20190909/ACC1H-hsr/BJXFS/BJXFS_201909091900.npz,/data/zry/BJradar_processed/20190909/ACC1H-hsr/BJXCP/BJXCP_201909091900.npz,/data/zry/BJradar_processed/20190909/ACC1H-hsr/BJXSY/BJXSY_201909091900.npz,/data/zry/BJradar_processed/20190909/ACC1H-hsr/BJXTZ/BJXTZ_201909091900.npz,/data/zry/BJradar_processed/20190909/ACC1H-hsr/Z9010/Z9010_201909091900.npz
2019-09-09 20:00:00,/data/zry/BJradar_processed/20190909/ACC1H-hsr/BJXFS/BJXFS_201909092000.npz,/data/zry/BJradar_processed/20190909/ACC1H-hsr/BJXCP/BJXCP_201909092000.npz,/data/zry/BJradar_processed/20190909/ACC1H-hsr/BJXSY/BJXSY_201909092000.npz,/data/zry/BJradar_processed/20190909/ACC1H-hsr/BJXTZ/BJXTZ_201909092000.npz,/data/zry/BJradar_processed/20190909/ACC1H-hsr/Z9010/Z9010_201909092000.npz
2019-09-09 21:00:00,/data/zry/BJradar_processed/20190909/ACC1H-hsr/BJXFS/BJXFS_201909092100.npz,/data/zry/BJradar_processed/20190909/ACC1H-hsr/BJXCP/BJXCP_201909092100.npz,/data/zry/BJradar_processed/20190909/ACC1H-hsr/BJXSY/BJXSY_201909092100.npz,/data/zry/BJradar_processed/20190909/ACC1H-hsr/BJXTZ/BJXTZ_201909092100.npz,/data/zry/BJradar_processed/20190909/ACC1H-hsr/Z9010/Z9010_201909092100.npz
2019-09-09 22:00:00,/data/zry/BJradar_processed/20190909/ACC1H-hsr/BJXFS/BJXFS_201909092200.npz,/data/zry/BJradar_processed/20190909/ACC1H-hsr/BJXCP/BJXCP_201909092200.npz,/data/zry/BJradar_processed/20190909/ACC1H-hsr/BJXSY/BJXSY_201909092200.npz,/data/zry/BJradar_processed/20190909/ACC1H-hsr/BJXTZ/BJXTZ_201909092200.npz,/data/zry/BJradar_processed/20190909/ACC1H-hsr/Z9010/Z9010_201909092200.npz
2019-09-09 23:00:00,/data/zry/BJradar_processed/20190909/ACC1H-hsr/BJXFS/BJXFS_201909092300.npz,/data/zry/BJradar_processed/20190909/ACC1H-hsr/BJXCP/BJXCP_201909092300.npz,/data/zry/BJradar_processed/20190909/ACC1H-hsr/BJXSY/BJXSY_201909092300.npz,/data/zry/BJradar_processed/20190909/ACC1H-hsr/BJXTZ/BJXTZ_201909092300.npz,/data/zry/BJradar_processed/20190909/ACC1H-hsr/Z9010/Z9010_201909092300.npz
2019-09-10 00:00:00,/data/zry/BJradar_processed/20190909/ACC1H-hsr/BJXFS/BJXFS_201909100000.npz,/data/zry/BJradar_processed/20190909/ACC1H-hsr/BJXCP/BJXCP_201909100000.npz,/data/zry/BJradar_processed/20190909/ACC1H-hsr/BJXSY/BJXSY_201909100000.npz,/data/zry/BJradar_processed/20190909/ACC1H-hsr/BJXTZ/BJXTZ_201909100000.npz,/data/zry/BJradar_processed/20190909/ACC1H-hsr/Z9010/Z9010_201909100000.npz
2019-09-12 13:00:00,/data/zry/BJradar_processed/20190912/ACC1H-hsr/BJXFS/BJXFS_201909121300.npz,/data/zry/BJradar_processed/20190912/ACC1H-hsr/BJXCP/BJXCP_201909121300.npz,/data/zry/BJradar_processed/20190912/ACC1H-hsr/BJXSY/BJXSY_201909121300.npz,/data/zry/BJradar_processed/20190912/ACC1H-hsr/BJXTZ/BJXTZ_201909121300.npz,/data/zry/BJradar_processed/20190912/ACC1H-hsr/Z9010/Z9010_201909121300.npz
2019-09-12 14:00:00,/data/zry/BJradar_processed/20190912/ACC1H-hsr/BJXFS/BJXFS_201909121400.npz,/data/zry/BJradar_processed/20190912/ACC1H-hsr/BJXCP/BJXCP_201909121400.npz,/data/zry/BJradar_processed/20190912/ACC1H-hsr/BJXSY/BJXSY_201909121400.npz,/data/zry/BJradar_processed/20190912/ACC1H-hsr/BJXTZ/BJXTZ_201909121400.npz,/data/zry/BJradar_processed/20190912/ACC1H-hsr/Z9010/Z9010_201909121400.npz
2019-09-12 15:00:00,/data/zry/BJradar_processed/20190912/ACC1H-hsr/BJXFS/BJXFS_201909121500.npz,/data/zry/BJradar_processed/20190912/ACC1H-hsr/BJXCP/BJXCP_201909121500.npz,/data/zry/BJradar_processed/20190912/ACC1H-hsr/BJXSY/BJXSY_201909121500.npz,/data/zry/BJradar_processed/20190912/ACC1H-hsr/BJXTZ/BJXTZ_201909121500.npz,/data/zry/BJradar_processed/20190912/ACC1H-hsr/Z9010/Z9010_201909121500.npz
2019-09-12 16:00:00,/data/zry/BJradar_processed/20190912/ACC1H-hsr/BJXFS/BJXFS_201909121600.npz,/data/zry/BJradar_processed/20190912/ACC1H-hsr/BJXCP/BJXCP_201909121600.npz,/data/zry/BJradar_processed/20190912/ACC1H-hsr/BJXSY/BJXSY_201909121600.npz,/data/zry/BJradar_processed/20190912/ACC1H-hsr/BJXTZ/BJXTZ_201909121600.npz,/data/zry/BJradar_processed/20190912/ACC1H-hsr/Z9010/Z9010_201909121600.npz
2019-09-12 17:00:00,/data/zry/BJradar_processed/20190912/ACC1H-hsr/BJXFS/BJXFS_201909121700.npz,/data/zry/BJradar_processed/20190912/ACC1H-hsr/BJXCP/BJXCP_201909121700.npz,/data/zry/BJradar_processed/20190912/ACC1H-hsr/BJXSY/BJXSY_201909121700.npz,/data/zry/BJradar_processed/20190912/ACC1H-hsr/BJXTZ/BJXTZ_201909121700.npz,/data/zry/BJradar_processed/20190912/ACC1H-hsr/Z9010/Z9010_201909121700.npz
2019-09-12 18:00:00,/data/zry/BJradar_processed/20190912/ACC1H-hsr/BJXFS/BJXFS_201909121800.npz,/data/zry/BJradar_processed/20190912/ACC1H-hsr/BJXCP/BJXCP_201909121800.npz,/data/zry/BJradar_processed/20190912/ACC1H-hsr/BJXSY/BJXSY_201909121800.npz,/data/zry/BJradar_processed/20190912/ACC1H-hsr/BJXTZ/BJXTZ_201909121800.npz,/data/zry/BJradar_processed/20190912/ACC1H-hsr/Z9010/Z9010_201909121800.npz
2019-09-12 19:00:00,/data/zry/BJradar_processed/20190912/ACC1H-hsr/BJXFS/BJXFS_201909121900.npz,/data/zry/BJradar_processed/20190912/ACC1H-hsr/BJXCP/BJXCP_201909121900.npz,/data/zry/BJradar_processed/20190912/ACC1H-hsr/BJXSY/BJXSY_201909121900.npz,/data/zry/BJradar_processed/20190912/ACC1H-hsr/BJXTZ/BJXTZ_201909121900.npz,/data/zry/BJradar_processed/20190912/ACC1H-hsr/Z9010/Z9010_201909121900.npz
2019-09-12 20:00:00,/data/zry/BJradar_processed/20190912/ACC1H-hsr/BJXFS/BJXFS_201909122000.npz,/data/zry/BJradar_processed/20190912/ACC1H-hsr/BJXCP/BJXCP_201909122000.npz,/data/zry/BJradar_processed/20190912/ACC1H-hsr/BJXSY/BJXSY_201909122000.npz,/data/zry/BJradar_processed/20190912/ACC1H-hsr/BJXTZ/BJXTZ_201909122000.npz,/data/zry/BJradar_processed/20190912/ACC1H-hsr/Z9010/Z9010_201909122000.npz
2019-09-12 21:00:00,/data/zry/BJradar_processed/20190912/ACC1H-hsr/BJXFS/BJXFS_201909122100.npz,/data/zry/BJradar_processed/20190912/ACC1H-hsr/BJXCP/BJXCP_201909122100.npz,/data/zry/BJradar_processed/20190912/ACC1H-hsr/BJXSY/BJXSY_201909122100.npz,/data/zry/BJradar_processed/20190912/ACC1H-hsr/BJXTZ/BJXTZ_201909122100.npz,/data/zry/BJradar_processed/20190912/ACC1H-hsr/Z9010/Z9010_201909122100.npz
2019-09-12 22:00:00,/data/zry/BJradar_processed/20190912/ACC1H-hsr/BJXFS/BJXFS_201909122200.npz,/data/zry/BJradar_processed/20190912/ACC1H-hsr/BJXCP/BJXCP_201909122200.npz,/data/zry/BJradar_processed/20190912/ACC1H-hsr/BJXSY/BJXSY_201909122200.npz,/data/zry/BJradar_processed/20190912/ACC1H-hsr/BJXTZ/BJXTZ_201909122200.npz,/data/zry/BJradar_processed/20190912/ACC1H-hsr/Z9010/Z9010_201909122200.npz
2019-09-12 23:00:00,/data/zry/BJradar_processed/20190912/ACC1H-hsr/BJXFS/BJXFS_201909122300.npz,/data/zry/BJradar_processed/20190912/ACC1H-hsr/BJXCP/BJXCP_201909122300.npz,/data/zry/BJradar_processed/20190912/ACC1H-hsr/BJXSY/BJXSY_201909122300.npz,/data/zry/BJradar_processed/20190912/ACC1H-hsr/BJXTZ/BJXTZ_201909122300.npz,/data/zry/BJradar_processed/20190912/ACC1H-hsr/Z9010/Z9010_201909122300.npz
2019-09-13 00:00:00,/data/zry/BJradar_processed/20190912/ACC1H-hsr/BJXFS/BJXFS_201909130000.npz,/data/zry/BJradar_processed/20190912/ACC1H-hsr/BJXCP/BJXCP_201909130000.npz,/data/zry/BJradar_processed/20190912/ACC1H-hsr/BJXSY/BJXSY_201909130000.npz,/data/zry/BJradar_processed/20190912/ACC1H-hsr/BJXTZ/BJXTZ_201909130000.npz,/data/zry/BJradar_processed/20190912/ACC1H-hsr/Z9010/Z9010_201909130000.npz
